t,d_A1,d_A2,d_B1,d_C2,v_A,v_B,v_C,nom_A,nom_B,nom_C,h_1,h_2,u_A,u_B,u_C
0.0,50.0,54.0,28.0,76.0,10.0,10.0,10.0,1.0,0.0,1.0,0.20000000000000018,0.1999999999999993,0.5963529277149795,0.3506302280624628,0.686882343376432
0.1,48.99701823536142,52.99701823536142,26.998246848859687,74.99656558828312,10.059635292771498,10.035063022806247,10.068688234337642,0.9701823536142511,-0.017531511403123368,0.9656558828311788,0.18026416717744453,0.18020991140969134,0.5593440308316957,0.3377780330841243,0.6395806387271994
0.2,47.98825798593011,51.98825798593011,25.99305165641364,73.98649886165572,10.115569695854667,10.06884082611466,10.132646298210362,0.9422151520726665,-0.03442041305732957,0.9336768508948188,0.16246586563212473,0.16236472051115935,0.5240119843861504,0.3248402328829974,0.5947652310096883
0.30000000000000004,46.97408095642272,50.97408095642272,24.98454337263776,72.97026040567964,10.167970894293282,10.101324849402959,10.192122821311331,0.9160145528533592,-0.0506624247014793,0.9039385893443344,0.14641603209173404,0.14627525297998645,0.49027375527406564,0.3117698642811839,0.5523496672500929
0.4,45.95483249821702,49.95483249821702,23.972852038376057,71.94828637521225,10.216998269820689,10.132501835831077,10.247357788036341,0.8915008650896556,-0.06625091791553839,0.8763211059818294,0.13194391539989914,0.13177044975735885,0.45804975089078387,0.2985254726481961,0.5122426690409874
0.5,44.930842422480495,48.930842422480495,22.95810922742971,70.92098938306341,10.262803244909767,10.162354383095897,10.29858205494044,0.8685983775451165,-0.08117719154794845,0.8507089725297803,0.11889532973025263,0.11869567672070147,0.4272641132825629,0.28506925107435943,0.47435005055729296
0.6000000000000001,43.902425777423105,47.902425777423105,21.94044844286475,69.88875942731659,10.305529656238024,10.190861308203333,10.34601705999617,0.8472351718809881,-0.09543065410166651,0.8269914700019152,0.10713107050859794,0.10691118531499022,0.3978449782406217,0.27136532463148505,0.4385763767505564
0.7000000000000001,42.869883586908095,46.869883586908095,20.920005485421257,68.85196483943321,10.345314154062086,10.21799784066648,10.389874697671225,0.8273429229689571,-0.10899892033324043,0.8050626511643877,0.09652547875156303,0.09629071164747582,0.3697247391842572,0.2573781561047545,0.4048264049362173
0.8,41.83350354780597,45.83350354780597,19.896918810574086,67.8109532376414,10.38228662798051,10.243735656276955,10.430357338164846,0.8088566860097446,-0.12186782813847774,0.7848213309175769,0.08696514064512506,0.08672020244180345,0.3428403540170378,0.2430710486355488,0.3730063522914114
0.9,40.793560683237835,44.793560683237835,18.871329889703212,66.76605247206346,10.416570663382215,10.26804276114051,10.467657973393987,0.7917146683088925,-0.13402138057025503,0.7661710133030066,0.07834771024851594,0.0780966570919901,0.317133733904277,0.22840472087326252,0.343025031454773
1.0,39.75031794823009,43.75031794823009,17.843383589984796,65.71757154956678,10.448284036772643,10.290883233227836,10.501960476539464,0.7758579816136786,-0.14544161661391808,0.7490197617302679,0.07058084421484567,0.07032707585388298,0.2925522563623771,0.21333593156922376,0.3147948967890792
