t,d_first_A,d_first_B,d_first_C,d_first_D,v_A,v_B,v_C,v_D,nom_A,nom_B,nom_C,nom_D,h_1,h_2,h_3,h_4,u_A,u_B,u_C,u_D,residual_1,residual_2,residual_3,residual_4
0.0,50.0,24.0,76.0,102.0,10.0,10.0,10.0,10.0,1.0,0.0,1.0,1.0,0.20000000000000018,0.1999999999999993,0.1999999999999993,6.199999999999999,0.6258850593970106,0.4033661774946612,0.707865700097875,0.7512672157630386,5.551115123125783e-17,5.551115123125783e-17,-1.1102230246251565e-16,5.500464633889897
0.1,48.99687057470302,22.997983169112526,74.9964606714995,100.99624366392119,10.0625885059397,10.040336617749466,10.070786570009787,10.075126721576304,0.9687057470301497,-0.020168308874732865,0.9646067149951065,0.9624366392118482,0.18025939682619008,0.18020836884029823,0.18019474382138778,6.130773336553169,0.5886264418618969,0.3904656933045262,0.6603388519739486,0.6980521406628519,5.551115123125783e-17,1.1102230246251565e-16,0.0,5.497813599754777
0.2,47.987668591899734,21.991997178871056,73.98608032023866,99.98524073106024,10.12145115012589,10.079383187079918,10.136820455207182,10.144931935642589,0.9392744249370546,-0.03969159353995888,0.9315897723964088,0.9275340321787056,0.1624556809489759,0.1623613793942118,0.16233643693666355,6.068090019341829,0.5528824911902037,0.37730599046932756,0.6151683439881476,0.6476854472907136,-2.7755575615628914e-17,0.0,-5.551115123125783e-17,5.49537389368967
0.30000000000000004,46.972759064431195,20.982172330210716,72.969322432998,98.96750911025953,10.17673939924491,10.11711378612685,10.198337289605997,10.20970048037166,0.9116303003775448,-0.058556893063425264,0.9008313551970017,0.8951497598141698,0.14639998623111694,0.14626995367418782,0.14623592195919688,6.011333803349164,0.5185678359224526,0.3638213785343912,0.5722694384427509,0.6000832024515146,-1.1102230246251565e-16,1.1102230246251565e-16,1.6653345369377348e-16,5.493145061062243
0.4,45.95249228532709,19.96864184470536,71.94662735684518,97.9435386462101,10.228596182837157,10.153495923980289,10.255564233450272,10.269708800616812,0.8857019085814217,-0.07674796199014455,0.8722178832748639,0.8651455996915942,0.1319217383800404,0.13176311761951798,0.1317220806763384,5.959947575427705,0.4856037877530434,0.3499555309718587,0.5315550622474705,0.5551521886672073,0.0,-5.551115123125783e-17,1.1102230246251565e-16,5.491126070498117
0.5,44.927204648104606,18.951542474652474,70.91841315818893,96.91379200520508,10.277156561612461,10.188491477077475,10.30871973967502,10.325224019483532,0.8614217191937694,-0.09424573853873763,0.8456401301624901,0.8373879902582342,0.11886690992294469,0.11868631125320483,0.11864016553219425,5.913427749428546,0.45391813200349446,0.33565878633828444,0.4929372836578092,0.5127926664987095,6.938893903907228e-17,1.1102230246251565e-16,0.0,5.489315481789356
0.6000000000000001,43.89721940128334,17.931015033013036,69.88507649780313,95.87870563992423,10.322548374812811,10.222057355711303,10.3580134680408,10.376503286133403,0.8387258125935944,-0.11102867785565174,0.8209932659795998,0.8117483569332986,0.10709643762875576,0.10689984978673461,0.10685027775229372,5.8713191842884624,0.42344494410830585,0.3208856720003689,0.45632857689617023,0.4729007708439413,-5.551115123125783e-17,2.220446049250313e-16,5.551115123125783e-17,5.487711589237254
0.7000000000000001,42.86284733908151,16.907204869081905,68.84699350811456,94.83869080745667,10.364892869223642,10.25414592291134,10.403646325730417,10.423793363217797,0.8175535653881791,-0.12707296145566982,0.7981768371347915,0.7881033183911015,0.09648478826191198,0.09627752322659688,0.09622598027485196,5.8332105785746124,0.3941244812110016,0.30559262087147837,0.42164292643183754,0.4353705890650611,-2.7755575615628914e-17,2.7755575615628914e-17,0.0,5.486312541559987
0.8,41.824387429753095,15.880262313686414,67.80452066090936,93.79413461818956,10.404305317344742,10.284705184998488,10.445810618373601,10.467330422124304,0.7978473413276292,-0.14235259249924415,0.7770946908131995,0.766334788937848,0.08691865959894551,0.0867053228977408,0.08665303448154749,5.798730298543644,0.36590319437773006,0.2897358503286211,0.38879681910133224,0.4000959692370996,5.551115123125783e-17,2.7755575615628914e-17,-5.551115123125783e-17,5.485116439077802
0.9,40.78212738204673,14.85034311593492,66.7579956149765,92.74540109613095,10.440895636782514,10.31367877003135,10.484690300283734,10.507340019048014,0.779552181608743,-0.15683938501567507,0.7576548498581328,0.746329990475993,0.07829580465438646,0.0780802841223096,0.07802825049880013,5.767542600102438,0.338733906901916,0.2732693730850831,0.35771016999058014,0.3669721068151929,-4.163336342344337e-17,-5.551115123125783e-17,-2.7755575615628914e-17,5.484121408260627
1.0,39.73634414883397,13.81760889206636,65.70773803409817,91.69283223369207,10.474769027472705,10.341005707339859,10.520461317282793,10.544037229729533,0.7626154862636474,-0.17050285366992934,0.7397693413586035,0.7279813851352337,0.07052396803866356,0.07030943507577092,0.07025844157330052,5.739344208143876,0.3125762078981137,0.2561431123732839,0.32830722731355977,0.3358969580534199,-4.163336342344337e-17,0.0,0.0,5.483325652854286
