length_m,N,spacing_m,window_m,mean_vehicles_in_three_windows,same_EW_two_windows_pct,same_EW_two_distance_triggers_pct,at_least_one_distance_trigger_pct,any_lane_two_candidates_pct,min_distance_difference_EW_SN_m,min_distance_difference_EW_NS_m
1500.0,10,150.0,60.0,1.2,0.0,0.0,0.0,0.0,51.75,48.25
1500.0,12,125.0,60.0,1.44,46.583333333333336,46.583333333333336,46.583333333333336,0.0,1.7499999999998863,1.7499999999999432
1500.0,16,93.75,60.0,1.92,0.0,0.0,0.0,0.0,33.0,29.5
1500.0,18,83.33333333333333,60.0,2.16,69.91666666666667,69.91666666666667,69.91666666666667,0.0,1.75,1.75
1500.0,20,75.0,60.0,2.4,40.0,0.0,0.0,0.0,23.25,26.75
1500.0,22,68.18181818181819,60.0,2.64,64.0,0.0,0.0,0.0,24.47727272727252,20.977272727272666
1500.0,24,62.5,60.0,2.88,93.16666666666667,93.16666666666667,93.16666666666667,0.0,1.7499999999998863,1.7499999999999432
1500.0,26,57.69230769230769,60.0,3.12,100.0,0.0,73.66666666666667,12.0,17.480769230769116,20.980769230769
1500.0,30,50.0,60.0,3.6,100.0,100.0,100.0,23.5,1.7499999999998863,1.7499999999999432
1500.0,36,41.666666666666664,60.0,4.32,100.0,100.0,100.0,48.166666666666664,1.7499999999998863,1.7499999999999432
