vehicle_id,route_s_m,speed_mps,local_role
0,31.25,10.0,background
1,93.75,10.0,background
2,156.25,10.0,background
3,218.75,10.0,background
4,281.25,10.0,background
5,343.75,10.0,background
6,406.25,10.0,background
7,472.0,10.0,NS
8,531.25,10.0,background
9,593.75,10.0,background
10,656.25,10.0,background
11,718.75,10.0,background
12,781.25,10.0,background
13,843.75,10.0,background
14,906.25,10.0,background
15,945.0,10.0,SN
16,1031.25,10.0,background
17,1093.75,10.0,background
18,1156.25,10.0,background
19,1218.75,10.0,background
20,1281.25,10.0,background
21,1343.75,10.0,background
22,1406.25,10.0,background
23,1459.75,10.0,EW
